Title,PublishDate,Views,Likes,Comments,Likes_per_View,Comments_per_View,Engagement_Rate,Month,Year,YearMonth
So You Think You Can ANALYZE? (Data Content Creator Hackathon),2024-09-21,43319,1521,96,0.03511161384150142,0.0022161176389113323,0.037327731480412754,Sep,2024,2024-09
Moving On,2024-04-22,12822,517,91,0.04032132272656372,0.00709717672749961,0.04741849945406333,Apr,2024,2024-04
How Does ChatGPT Image Analysis Do on an IQ Test?,2023-11-30,4768,97,23,0.020343959731543623,0.004823825503355705,0.025167785234899327,Nov,2023,2023-11
A Data Dream Come True,2023-11-17,2693,99,23,0.03676197549201634,0.008540660972892685,0.04530263646490902,Nov,2023,2023-11
The Death of the Full-Time Job,2023-09-22,6838,430,78,0.06288388417665984,0.011406844106463879,0.07429072828312372,Sep,2023,2023-09
How to Survive a Down Data Job Market,2023-09-05,18250,612,64,0.033534246575342465,0.0035068493150684932,0.037041095890410956,Sep,2023,2023-09
The Harsh Reality of the Data Job Market,2023-08-24,109904,2618,287,0.023820789052263792,0.0026113699228417528,0.026432158975105546,Aug,2023,2023-08
7 Industries AI will Aggressively Disrupt,2023-08-14,7169,266,43,0.03710419863300321,0.005998047147440368,0.043102245780443575,Aug,2023,2023-08
What's in My Data Science Travel Bag? (50+ Flights Last Year),2023-08-07,4780,138,48,0.02887029288702929,0.0100418410041841,0.03891213389121339,Aug,2023,2023-08
7 Enticing Jobs AI Will Create,2023-07-24,5022,203,37,0.04042214257268021,0.007367582636399841,0.04778972520908005,Jul,2023,2023-07
The ChatGPT Code Interpreter is OVERRATED,2023-07-22,4345,147,31,0.03383199079401611,0.0071346375143843494,0.04096662830840046,Jul,2023,2023-07
Exciting Announcement!,2023-06-23,6789,294,50,0.04330534688466637,0.007364854912358227,0.0506702017970246,Jun,2023,2023-06
AI: A Customer Service Revolution?,2023-05-26,4213,126,35,0.029907429385236172,0.008307619273676715,0.03821504865891289,May,2023,2023-05
Beginner Kaggle Data Science Project Walk-Through (Housing Prices) | With ChatGPT,2023-05-16,81938,2428,52,0.029632160902145526,0.0006346261807708267,0.03026678708291635,May,2023,2023-05
How I Would Learn Data Science with AI (If I Could Start Over),2023-05-04,37863,1532,76,0.04046166442173098,0.0020072366162216413,0.04246890103795262,May,2023,2023-05
This AI question will determine our future,2023-04-06,4423,258,38,0.05833144924259552,0.008591453764413294,0.06692290300700882,Apr,2023,2023-04
I'll Never Code the Same Again... (GPT-4 is OP),2023-04-03,71776,830,78,0.011563753901025412,0.0010867142220240748,0.012650468123049487,Apr,2023,2023-04
Your current portfolio is actually hurting you #shorts,2023-03-30,10067,557,5,0.05532929373199563,0.0004966722956193504,0.05582596602761498,Mar,2023,2023-03
"Traditional ""networking"" is stupid. Do THIS instead #shorts",2023-03-27,8414,447,3,0.05312574280960304,0.0003565486094604231,0.053482291419063466,Mar,2023,2023-03
you're job searching wrong. #shorts,2023-03-23,4765,272,3,0.05708289611752361,0.0006295907660020986,0.05771248688352571,Mar,2023,2023-03
The Economics of Data Roles #shorts,2023-03-21,11549,663,13,0.057407567754783964,0.0011256385834271364,0.0585332063382111,Mar,2023,2023-03
Why your phone knows everything you say #shorts,2023-03-18,4181,188,9,0.04496531930160249,0.0021525950729490554,0.04711791437455154,Mar,2023,2023-03
Read these for a successful career. #shorts,2023-03-16,3406,255,2,0.07486788021139167,0.0005871990604815032,0.07545507927187317,Mar,2023,2023-03
Is Your Phone Actually Listening to You? #shorts,2023-03-09,3372,57,5,0.016903914590747332,0.0014827995255041518,0.018386714116251483,Mar,2023,2023-03
How I Realized I Was a Bad Manager #shorts,2023-03-07,3397,144,1,0.042390344421548425,0.00029437739181630853,0.04268472181336473,Mar,2023,2023-03
How I Use ChatGPT as a Data Scientist (4-5 hrs Saved Per Week),2023-03-03,21350,774,50,0.036252927400468385,0.00234192037470726,0.03859484777517565,Mar,2023,2023-03
Why I Quit Data Science... and then crawled back #shorts,2023-03-01,9377,290,12,0.030926735629732322,0.0012797269915751307,0.032206462621307455,Mar,2023,2023-03
The Best Place to Look for Data Science Opportunities #shorts,2023-02-27,2987,177,2,0.059256779377301644,0.0006695681285570807,0.05992634750585872,Feb,2023,2023-02
Learning On the companies dime #shorts,2023-02-24,3436,182,1,0.052968568102444706,0.0002910360884749709,0.05325960419091967,Feb,2023,2023-02
The Best Way to Transition to Data Science? #shorts,2023-02-21,5273,309,6,0.05860041721979897,0.0011378721790252229,0.059738289398824196,Feb,2023,2023-02
Avoid this Massive Data Science Learning Mistake #shorts,2023-02-17,7555,412,6,0.054533421575115815,0.0007941760423560556,0.05532759761747187,Feb,2023,2023-02
Don't Go into Data for the Money #shorts,2023-02-15,3930,218,12,0.05547073791348601,0.0030534351145038168,0.058524173027989825,Feb,2023,2023-02
First Data Science Project? Watch This.,2023-02-13,9270,407,25,0.04390507011866235,0.002696871628910464,0.04660194174757282,Feb,2023,2023-02
How to Approach Applying for a Data Role #shorts,2023-02-08,3778,245,7,0.0648491265219693,0.0018528321863419798,0.06670195870831128,Feb,2023,2023-02
The Hard Reality of Data Science Work #shorts,2023-02-06,18436,936,16,0.050770232154480364,0.0008678672163159037,0.05163809937079627,Feb,2023,2023-02
How Much Money Does a Data Scientist Make? #shorts,2023-02-03,5458,208,6,0.03810919750824478,0.0010993037742762918,0.03920850128252107,Feb,2023,2023-02
These 3 Things Make Data Science Special #shorts,2023-02-01,4610,356,7,0.0772234273318872,0.0015184381778741865,0.0787418655097614,Feb,2023,2023-02
Will Data Science Be Automated? #shorts,2023-01-27,10782,439,10,0.04071600816175107,0.0009274717121127806,0.041643479873863846,Jan,2023,2023-01
Is Data Science A Good Fit For You? #shorts,2023-01-25,5645,309,10,0.05473870682019486,0.001771479185119575,0.05651018600531444,Jan,2023,2023-01
5 Books I Wish I Read Earlier In My Career,2023-01-23,10011,529,49,0.05284187393866747,0.004894615922485266,0.057736489861152734,Jan,2023,2023-01
How To Start Working on Data Science Projects (As a Beginner) #shorts,2023-01-19,13630,992,18,0.07278063096111519,0.0013206162876008803,0.07410124724871607,Jan,2023,2023-01
What Data Science Tool Would I Learn First? #shorts,2023-01-17,6690,482,10,0.07204783258594918,0.0014947683109118087,0.07354260089686099,Jan,2023,2023-01
How long does it take to become a Data Scientist? #shorts,2023-01-12,10302,614,8,0.05960007765482431,0.0007765482430596001,0.06037662589788391,Jan,2023,2023-01
Where & how to start your Data Science Journey #shorts,2023-01-09,7451,432,3,0.05797879479264528,0.00040263051939337,0.05838142531203865,Jan,2023,2023-01
How I Would NOT Learn Data Science in 2023.,2023-01-03,129746,4162,257,0.03207806020994867,0.0019807932421808763,0.03405885345212954,Jan,2023,2023-01
The Greatest Data Science Event You Never Heard Of  [Behind The Scenes],2022-12-14,5134,208,27,0.04051421893260616,0.005259057265290222,0.045773276197896375,Dec,2022,2022-12
The Essential Programming Concepts For Learning Data Science,2022-11-14,21545,868,44,0.04028776978417266,0.002042237177999536,0.0423300069621722,Nov,2022,2022-11
The Data Content House: What You Missed,2022-10-07,10720,344,48,0.03208955223880597,0.004477611940298508,0.03656716417910448,Oct,2022,2022-10
Is Data Science A Good Career?,2022-09-29,65283,1986,141,0.030421396075548,0.0021598272138228943,0.032581223289370895,Sep,2022,2022-09
IRON ANALYST (Teaser) #shorts,2022-09-27,5730,362,22,0.06317626527050611,0.0038394415357766143,0.06701570680628273,Sep,2022,2022-09
When a New Data Scientist Joins The Team,2022-08-29,16926,754,134,0.0445468509984639,0.007916814368427273,0.05246366536689118,Aug,2022,2022-08
State of Data Science - Web Data,2022-08-05,10539,350,34,0.033209981971724076,0.0032261125343960527,0.03643609450612013,Aug,2022,2022-08
Data Science Town Hall - State of Data Science,2022-08-04,10066,366,37,0.03636002384263858,0.00367574011523942,0.04003576395787801,Aug,2022,2022-08
The Programming Roadmap For Data Science,2022-07-29,29253,1339,58,0.04577308310258777,0.0019827026287902094,0.04775578573137798,Jul,2022,2022-07
5 Impactful Data Science Projects For Your Portfolio,2022-06-27,110406,3814,96,0.03454522399144974,0.0008695179609803815,0.03541474195243012,Jun,2022,2022-06
Can AI Fix my Baseball Swing?,2022-06-10,8608,350,68,0.04065985130111524,0.007899628252788104,0.04855947955390334,Jun,2022,2022-06
Every Data Scientist... (funny!),2022-05-24,18547,856,146,0.04615301666037634,0.007871893028522132,0.054024909688898476,May,2022,2022-05
State of Data Science (Town Hall) ft - Data Squad,2022-05-07,16068,422,66,0.02626338063231267,0.004107542942494399,0.03037092357480707,May,2022,2022-05
Data Science Portfolio Project From Scratch | Building a YouTube Data Dashboard with Streamlit,2022-04-04,86679,2011,88,0.023200544537892685,0.00101524013890331,0.024215784676795995,Apr,2022,2022-04
Why You Are NOT Landing Data Jobs ... Yet,2022-03-25,22701,911,111,0.04013039073168583,0.004889652438218581,0.04502004316990441,Mar,2022,2022-03
Data Scientists VS NFT Scam,2022-03-03,5415,188,41,0.03471837488457987,0.007571560480147738,0.04228993536472761,Mar,2022,2022-03
When a PM Joins the Data Team... (funny!) - Ft @LukeBarousse,2022-02-21,11635,518,144,0.04452084228620541,0.01237645036527718,0.05689729265148259,Feb,2022,2022-02
What Professional Data Scientists ACTUALLY Do,2022-02-14,103409,3525,186,0.03408794205533368,0.0017986828999410108,0.035886624955274685,Feb,2022,2022-02
Can You Analyze My Data Better Than I Can?,2022-01-31,7790,325,60,0.0417201540436457,0.007702182284980745,0.04942233632862644,Jan,2022,2022-01
Giving Back to My Most Engaged Subscribers!,2022-01-28,2347,117,87,0.04985087345547507,0.03706859821048147,0.08691947166595654,Jan,2022,2022-01
The Physics Dropout Who Made $1 Billion Betting Horses,2022-01-24,84316,1744,164,0.02068409317330044,0.0019450638075810048,0.022629156980881446,Jan,2022,2022-01
Should You Be Excited About Web 3? (As a Data Scientist),2022-01-17,9217,427,82,0.04632743842898991,0.0088966041011175,0.05522404253010741,Jan,2022,2022-01
Should  @LukeBarousse Take This Data Analyst Job? (Funny) #Shorts,2022-01-14,8791,256,33,0.02912069161642589,0.0037538391536799,0.03287453077010579,Jan,2022,2022-01
The Only Data Science Explanation You Need,2022-01-10,106016,2603,176,0.024552897675822517,0.0016601267733172352,0.02621302444913975,Jan,2022,2022-01
We Need to Talk About The LinkedIn Machine Learning Assessment.,2022-01-03,14709,639,144,0.04344279012849276,0.00978992453599837,0.05323271466449113,Jan,2022,2022-01
How I Would Learn Data Science in 2022 (If I Had to Start Over),2021-12-27,347713,14921,525,0.04291182670765833,0.0015098658951491603,0.04442169260280749,Dec,2021,2021-12
What the Heck is WSL 2? (My New Favorite Tool),2021-12-17,24601,645,71,0.0262184464046177,0.002886061542213731,0.02910450794683143,Dec,2021,2021-12
How Statistics Saved the US SERIOUS $$$$ During WW2 #Shorts,2021-12-10,8267,570,25,0.06894883270835854,0.003024071610015725,0.07197290431837426,Dec,2021,2021-12
How Zillow Lost $500 MILLION With Machine Learning,2021-12-03,25591,1183,143,0.04622718924621937,0.0055879019967957485,0.05181509124301512,Dec,2021,2021-12
Why Is Data Engineering So HOT Right Now?,2021-11-26,30113,1097,134,0.03642944907515027,0.004449905356490552,0.04087935443164082,Nov,2021,2021-11
Is Data Science Dying?,2021-11-19,127503,3895,359,0.03054830082429433,0.0028156200246268717,0.0333639208489212,Nov,2021,2021-11
7 Incredible Books That Transformed My Health and My Life,2021-11-12,8855,403,113,0.04551101072840203,0.012761151891586674,0.05827216261998871,Nov,2021,2021-11
Why EVERYONE Should Start a Podcast (Including YOU),2021-11-05,3682,202,45,0.054861488321564365,0.012221618685497012,0.06708310700706138,Nov,2021,2021-11
Building a Burrito Dashboard - Data Science Project from Scratch with atoti,2021-10-29,15408,309,39,0.020054517133956385,0.0025311526479750777,0.022585669781931463,Oct,2021,2021-10
ML Ops: What is it REALLY?,2021-10-22,7433,281,66,0.037804385846898964,0.008879321942688014,0.04668370778958698,Oct,2021,2021-10
Business Skills for Data Science: What are they REALLY?,2021-10-18,7129,307,50,0.04306354327395147,0.0070136063964090336,0.0500771496703605,Oct,2021,2021-10
#66DaysOfData Round 3 Live Event! (feat. @statquest),2021-10-12,2232,119,5,0.053315412186379925,0.002240143369175627,0.05555555555555555,Oct,2021,2021-10
Roasting My First Data Science Project (Common Project Mistakes),2021-10-08,6198,285,63,0.045982575024201354,0.01016456921587609,0.05614714424007745,Oct,2021,2021-10
Is Data Visualization Important for Data Science? (A Data Scientist's Perspective),2021-08-20,13327,533,106,0.039993997148645606,0.007953778044571171,0.04794777519321678,Aug,2021,2021-08
Project Presentation - Expectations vs. Reality (funny) #shorts,2021-08-07,10722,436,32,0.040664055213579554,0.0029845178138407013,0.04364857302742026,Aug,2021,2021-08
Data Science Project - Expectations vs Reality (funny) #shorts,2021-08-06,43006,1630,31,0.03790168813653909,0.0007208296516765103,0.0386225177882156,Aug,2021,2021-08
How I Learned to Learn.,2021-07-31,51464,2358,209,0.04581843618840355,0.0040610912482512045,0.04987952743665475,Jul,2021,2021-07
Is Spotify Shuffle Really Random? #Shorts,2021-07-21,11528,616,49,0.05343511450381679,0.004250520471894518,0.05768563497571131,Jul,2021,2021-07
I Eat a Papaya Live on Stream (Plus Q&A for 150K Subs!),2021-07-16,2498,91,30,0.03642914331465172,0.01200960768614892,0.04843875100080064,Jul,2021,2021-07
Why are APIs Important for Data Science?,2021-07-09,11656,483,95,0.041437886067261495,0.008150308853809197,0.049588194921070694,Jul,2021,2021-07
Is Your Phone REALLY Listening to You?,2021-07-03,5385,278,116,0.051624883936861654,0.021541318477251624,0.07316620241411327,Jul,2021,2021-07
Kaggle vs Github - Which is Best for Your Data Science Portfolio?,2021-06-25,19247,675,123,0.03507040058190887,0.00639060632825895,0.04146100691016782,Jun,2021,2021-06
#66DaysOfData - 3 Reasons to Start!,2021-06-18,4187,227,39,0.054215428707905425,0.009314545020300932,0.06352997372820636,Jun,2021,2021-06
#66DaysOfData - What is it? #shorts,2021-06-11,9912,400,54,0.04035512510088781,0.005447941888619854,0.04580306698950767,Jun,2021,2021-06
A Quick Data Science Project Tip! #SHORTS,2021-06-03,17201,1023,89,0.05947328643683507,0.0051741177838497765,0.06464740422068484,Jun,2021,2021-06
Discouraged with Data Science? - Watch THIS video.,2021-05-28,7634,387,195,0.05069426250982447,0.025543620644485197,0.07623788315430967,May,2021,2021-05
How Data Science Projects Pay Off,2021-05-22,11299,612,146,0.05416408531728471,0.01292149747765289,0.0670855827949376,May,2021,2021-05
How I Use Data to Optimize My Life | What I Collect & How I Analyze It,2021-05-14,11063,493,134,0.04456295760643587,0.012112446895055591,0.05667540450149146,May,2021,2021-05
What is a lambda function (python)? #shorts,2021-05-13,16488,972,49,0.05895196506550218,0.002971858321203299,0.06192382338670548,May,2021,2021-05
Why Kaggle Should Be Your Favorite Data Science Resource #shorts,2021-05-07,35336,1775,63,0.05023205795788997,0.0017828843106180666,0.05201494226850804,May,2021,2021-05
What is Pandas? (Data & Data Science) #shorts,2021-04-30,26321,1330,85,0.050529995060977925,0.0032293605866038524,0.05375935564758178,Apr,2021,2021-04
The 7 Biggest Data Science  Beginner Mistakes,2021-04-23,77965,3412,285,0.043763227089078434,0.0036554864362213814,0.04741871352529981,Apr,2021,2021-04
Data Scientist Reacts: REAL Data Science Job Application Data,2021-04-16,23821,703,85,0.02951177532429369,0.0035682800889971036,0.033080055413290795,Apr,2021,2021-04
Why You Probably Won't Become a Data Scientist,2021-04-09,139629,4017,464,0.028769095245257073,0.003323091907841494,0.03209218715309857,Apr,2021,2021-04
How to Go From Data Analyst to Data Scientist,2021-04-02,57704,1606,174,0.027831692776930542,0.0030153888811867463,0.030847081658117288,Apr,2021,2021-04
Why I Have 2 Offices for Data Science & Content Creation,2021-03-26,4153,140,92,0.03371057067180352,0.022152660727185167,0.05586323139898868,Mar,2021,2021-03
MARCH MADNESS - Will My Machine Learning Model Beat Your Bracket?,2021-03-19,19267,368,108,0.019100015570664867,0.005605439352260342,0.02470545492292521,Mar,2021,2021-03
My Regrets as a Data Science Student,2021-03-12,24368,880,112,0.03611293499671701,0.004596191726854892,0.040709126723571895,Mar,2021,2021-03
My Daily Battle With Time - Will I Win? [Vlog],2021-03-08,3878,192,83,0.04951005673027334,0.021402784940691078,0.07091284167096441,Mar,2021,2021-03
What is the Future of my Comment Leaderboard Project?,2021-02-26,5663,201,81,0.035493554653010774,0.01430337277061628,0.049796927423627055,Feb,2021,2021-02
How to Build a Website  - Building my ULTIMATE Portfolio Website,2021-02-19,7389,180,51,0.024360535931790498,0.006902151847340642,0.03126268777913114,Feb,2021,2021-02
Why I Quit Data Science,2021-02-12,106380,2352,346,0.022109419063733784,0.003252491069749953,0.025361910133483736,Feb,2021,2021-02
ðŸŒ¶ Hot Topics in Tech: Data Science Explained #SHORTS,2021-01-29,10993,563,116,0.05121440916947148,0.01055216956244883,0.06176657873192031,Jan,2021,2021-01
How I Balance Data Science and Content Creation (7 Secrets),2021-01-23,7118,294,124,0.041303737004776624,0.017420623770722114,0.05872436077549874,Jan,2021,2021-01
Kaggle Project From Scratch - Part 3 (Advanced Graphs & Gender Imbalance Analysis),2021-01-16,11093,317,52,0.028576579825114936,0.0046876408545929865,0.033264220679707926,Jan,2021,2021-01
Kaggle Project From Scratch - Part 2 (Exploratory Data Analysis),2021-01-08,26483,731,134,0.027602612997016954,0.005059849714911453,0.03266246271192841,Jan,2021,2021-01
Kaggle Project From Scratch - Part 1 (Data Science Profession Survey),2021-01-02,43907,1205,148,0.027444371057006856,0.0033707609265037465,0.030815131983510602,Jan,2021,2021-01
What is the #66DaysOfData?,2020-12-26,71984,2329,193,0.032354412091575906,0.002681151366970438,0.035035563458546345,Dec,2020,2020-12
How I Would Learn Data Science in 2021 (What Has Changed?),2020-12-19,132157,5908,486,0.044704404609668805,0.003677444251912498,0.048381848861581304,Dec,2020,2020-12
Unboxing the Ultimate Z by HP Data Science Package (FIRST EVER HP Workstation w/ Data Science Stack),2020-12-10,11407,403,131,0.0353291838344876,0.011484176382922767,0.04681336021741036,Dec,2020,2020-12
I Built the FIRST EVER YouTube Subscriber LEADERBOARD,2020-12-07,24201,724,324,0.029916119168629397,0.01338787653402752,0.04330399570265692,Dec,2020,2020-12
7 Things to Look For in a Masters For Data Science (feat. @TinaHuang1),2020-11-20,29361,877,160,0.029869554851673988,0.005449405674193658,0.035318960525867645,Nov,2020,2020-11
6 Lessons from #66DaysOfData,2020-11-13,6829,336,93,0.04920193293307951,0.013618392151120222,0.06282032508419974,Nov,2020,2020-11
100K Channel Update + AMA Stream!,2020-11-12,2330,126,21,0.05407725321888412,0.009012875536480686,0.06309012875536481,Nov,2020,2020-11
Find a Data Science Project With These 3 Techniques,2020-11-06,17472,738,104,0.04223901098901099,0.005952380952380952,0.048191391941391944,Nov,2020,2020-11
How I Chose My Masters Degree for Breaking into Data Science,2020-10-30,28955,701,153,0.02420998100500777,0.005284061474702124,0.029494042479709895,Oct,2020,2020-10
git for Data Science Made Simple... (Hopefully),2020-10-23,24594,970,88,0.039440513946491014,0.003578108481743515,0.04301862242823453,Oct,2020,2020-10
The PODCAST you might have asked for?,2020-10-19,2145,91,44,0.04242424242424243,0.020512820512820513,0.06293706293706294,Oct,2020,2020-10
Dealing with Doubt in Data Science (My Impostor Syndrome Story),2020-10-16,6988,454,113,0.06496851745850028,0.016170578133943903,0.08113909559244419,Oct,2020,2020-10
Advice from a Data Analytics CEO (@How to Get an Analytics Job) - KNN EP. 17,2020-10-14,15083,432,45,0.028641516939600875,0.002983491347875091,0.03162500828747597,Oct,2020,2020-10
Data Science Resume Round-Up With @Tina Huang  | Episode 3,2020-10-12,7555,155,60,0.020516214427531435,0.007941760423560556,0.028457974851091992,Oct,2020,2020-10
5 Unusual Data Science Projects that Will Land You a Job,2020-10-09,13184,598,84,0.045358009708737865,0.006371359223300971,0.05172936893203883,Oct,2020,2020-10
Sh*t Data Scientists Say (Parody),2020-10-05,10161,583,144,0.05737624249581734,0.0141718334809566,0.07154807597677394,Oct,2020,2020-10
5 Proven Strategies to Break into a Data Science Job,2020-10-02,8744,363,93,0.041514181152790486,0.010635864592863678,0.05215004574565416,Oct,2020,2020-10
Why Data-Viz is so Darn Important (@Story by Data | Kate Strachnyi) - KNN EP. 16,2020-09-30,7149,285,59,0.03986571548468317,0.008252902503846691,0.048118617988529865,Sep,2020,2020-09
Data Science Resume Round-Up With @TinaHuang1  - Episode 1,2020-09-28,12420,292,69,0.023510466988727857,0.005555555555555556,0.029066022544283414,Sep,2020,2020-09
5 Essential Data Science Projects for Your Portfolio,2020-09-26,76188,3151,207,0.04135821914212212,0.0027169633013072927,0.04407518244342941,Sep,2020,2020-09
His Startup Will Land You a Data Science Job (Jeremie Harris) - KNN EP. 15,2020-09-23,5347,202,66,0.03777819337946512,0.012343370114082663,0.05012156349354779,Sep,2020,2020-09
Reviewing Your Data Science Projects - Episode 21(The Cleanest Portfolio),2020-09-21,15380,547,60,0.035565669700910275,0.0039011703511053317,0.0394668400520156,Sep,2020,2020-09
"Hedge Funds, Startups, and Data Science Oh my! (@DataLeap) - KNN EP. 14",2020-09-18,7779,252,34,0.0323949093713845,0.004370741740583622,0.03676565111196812,Sep,2020,2020-09
Land a Data Science Job in a Different Country (Vijay Pravin Maharajan) - KNN EP. 13,2020-09-16,5255,199,56,0.037868696479543294,0.01065651760228354,0.048525214081826834,Sep,2020,2020-09
Reviewing Your Data Science Projects - Episode 20 (Bootcamp Capstone),2020-09-14,4709,159,35,0.033765130600976856,0.007432575918454024,0.041197706519430874,Sep,2020,2020-09
The 5 Pillars of Success I Live By,2020-09-11,10278,864,152,0.0840630472854641,0.014788869429850166,0.09885191671531426,Sep,2020,2020-09
Fast Cars to Faster Data (Alex Castrounis) - KNN EP. 12,2020-09-09,1929,77,25,0.039917055469155,0.012960082944530845,0.05287713841368585,Sep,2020,2020-09
Reviewing Your Data Science Projects - Episode 19 (One Big Improvement),2020-09-07,4115,165,43,0.040097205346294046,0.010449574726609963,0.05054678007290401,Sep,2020,2020-09
How I Learn Data Science Through Studying Other People's Code | #66DaysOfData,2020-09-04,12344,742,143,0.060110174983797796,0.011584575502268308,0.0716947504860661,Sep,2020,2020-09
How She Dominated the FAANG Data Science Interview  (@TinaHuang1 ) - KNN EP. 11,2020-09-02,18269,573,87,0.03136460671082161,0.004762165416826318,0.03612677212764793,Sep,2020,2020-09
Reviewing Your Data Science Projects - Episode 18 (Job-Worthy GitHub),2020-08-31,18705,795,93,0.042502004811547714,0.004971932638331997,0.04747393744987971,Aug,2020,2020-08
Why I'm Starting Data Science Over Again.,2020-08-29,51013,2567,442,0.05032050653754925,0.008664458079313117,0.05898496461686237,Aug,2020,2020-08
Inside the Mind of the Ultimate Kaggle Grandmaster (@Abhishek Thakur ) - KNN EP. 10,2020-08-26,15762,639,79,0.04054054054054054,0.005012054307828956,0.045552594848369495,Aug,2020,2020-08
Reviewing Your Data Science Projects - Episode 17 (Best Portfolio Website Yet?),2020-08-24,15041,519,53,0.03450568446246925,0.003523701881523835,0.03802938634399308,Aug,2020,2020-08
Don't Buy My Course..,2020-08-21,7387,355,144,0.04805739813185326,0.01949370515770949,0.06755110328956275,Aug,2020,2020-08
How a Subscriber Landed a Data Analyst Job in Less Than a Year (Ray Ojel) - KNN EP. 09,2020-08-19,29253,1098,166,0.03753461183468362,0.00567463166170991,0.04320924349639353,Aug,2020,2020-08
Reviewing Your Projects - Episode 16 (Project Review for Beginners),2020-08-17,3360,128,38,0.0380952380952381,0.01130952380952381,0.0494047619047619,Aug,2020,2020-08
Data Scientist Dismantles the YouTube Algorithm.,2020-08-14,6546,533,104,0.08142377024136878,0.015887564925145127,0.0973113351665139,Aug,2020,2020-08
Sports Analytics & Streaming Data Science on Twitch (Nick Wan) - KNN EP. 08,2020-08-12,5275,188,37,0.03563981042654028,0.007014218009478673,0.04265402843601896,Aug,2020,2020-08
Reviewing Your Data Science Projects - Episode 15 (Quant Finance),2020-08-10,15194,470,54,0.030933263130182968,0.0035540344872976174,0.03448729761748059,Aug,2020,2020-08
The Plagiarism Problem in Data Science,2020-08-07,13230,628,143,0.04746787603930461,0.010808767951625095,0.0582766439909297,Aug,2020,2020-08
Interview with the Director of AI Research @ NVIDIA (Anima Anandkumar) - KNN EP. 07,2020-08-05,14937,608,89,0.04070429135703287,0.005958358438776194,0.046662649795809065,Aug,2020,2020-08
Reviewing Your Data Science Projects - Episode 14 [Deep Learning Focus],2020-08-03,5172,192,56,0.037122969837587005,0.01082753286929621,0.04795050270688322,Aug,2020,2020-08
My First Data Science Contracting Side-Gig (How I Did It),2020-07-31,11904,586,90,0.049227150537634407,0.007560483870967742,0.05678763440860215,Jul,2020,2020-07
Do You Have a Data Science Mentor? (@Danny Ma) - KNN EP. 06,2020-07-30,2413,118,34,0.048901782014090345,0.014090343970161625,0.06299212598425197,Jul,2020,2020-07
Reviewing Your Data Science Projects - Episode 13 (BONUS LinkedIn Review),2020-07-27,6327,266,109,0.042042042042042045,0.01722775406985933,0.05926979611190138,Jul,2020,2020-07
Building a Deep Learning BEAST (NVIDIA TITAN RTX + RYZEN 3900X),2020-07-24,8629,249,191,0.028856182639935102,0.02213466218565303,0.05099084482558813,Jul,2020,2020-07
Is it Important to Share Your Data Science Work? (Ft. Eric Weber),2020-07-22,1908,96,27,0.050314465408805034,0.014150943396226415,0.06446540880503145,Jul,2020,2020-07
Reviewing Your Data Science Resumes - Episode 12 (3 Different Resumes!),2020-07-20,29543,558,90,0.01888772298006296,0.0030464069322682194,0.02193412991233118,Jul,2020,2020-07
Beginner Kaggle Data Science Project Walk-Through (Titanic),2020-07-17,440326,9041,457,0.020532514546040888,0.0010378673982458452,0.02157038194428673,Jul,2020,2020-07
Uber Driver to Machine Learning Engineer in 9 Months! (@Daniel Bourke) - KNN EP. 05,2020-07-16,30950,1124,118,0.03631663974151858,0.003812600969305331,0.04012924071082391,Jul,2020,2020-07
Reviewing Your Data Science Projects - Episode 11(GITHUB CLEANING),2020-07-13,4078,134,50,0.03285924472780775,0.012260912211868563,0.04512015693967631,Jul,2020,2020-07
The Best Computer for Data Science Beginners,2020-07-10,40783,867,160,0.0212588578574406,0.003923203295490768,0.025182061152931368,Jul,2020,2020-07
Should You Major in Data Science? (Jaemin Lee) - KNN EP. 04,2020-07-08,6222,228,82,0.03664416586306654,0.013179042108646738,0.049823207971713274,Jul,2020,2020-07
Critiquing MY OWN Data Science Resume,2020-07-06,13015,396,84,0.030426431041106417,0.006454091432961967,0.03688052247406838,Jul,2020,2020-07
Where to Start Learning Data Science,2020-07-03,19629,794,125,0.04045035406796067,0.006368128789036629,0.0468184828569973,Jul,2020,2020-07
"Data Science Productivity, Motivation, and Organization (ft. Data Professor & Codebasics)",2020-07-01,4416,201,33,0.04551630434782609,0.007472826086956522,0.05298913043478261,Jul,2020,2020-07
Reviewing Your Data Science Projects - Episode 10 (Leveraging Your Data),2020-06-29,4916,184,52,0.03742880390561432,0.010577705451586655,0.04800650935720097,Jun,2020,2020-06
How to Get a Data Science Job at FAANG (@Data Science Jay) - KNN EP. 03,2020-06-26,17102,554,77,0.03239387206174717,0.004502397380423342,0.036896269442170504,Jun,2020,2020-06
Reviewing Your Data Science Projects - Episode 9 (Professional Violinist),2020-06-22,2481,82,40,0.03305118903667876,0.016122531237404272,0.04917372027408303,Jun,2020,2020-06
"Ken Jee Q & A Live Stream (50,000 Sub Special!)",2020-06-20,2417,136,49,0.05626810095159288,0.02027306578402979,0.07654116673562267,Jun,2020,2020-06
Reviewing Your Data Science Projects - Episode 8 (College Student Help),2020-06-15,4495,166,46,0.03692992213570634,0.010233592880978866,0.047163515016685205,Jun,2020,2020-06
Why You're Struggling to Learn Data Science,2020-06-12,15492,996,157,0.06429124709527498,0.01013426284533953,0.07442550994061452,Jun,2020,2020-06
Reviewing Your Data Science Projects - Episode 7 (Incredible Portfolio Website),2020-06-08,12433,364,70,0.02927692431432478,0.005630177752754766,0.034907102067079546,Jun,2020,2020-06
The State of Data Science with Krish Naik & The Data Professor [Panel Discussion],2020-06-05,25532,701,142,0.027455741814193954,0.005561648127839574,0.03301738994203353,Jun,2020,2020-06
Reviewing Your Data Science Projects - Episode 6 (Only 3 months of coding experience),2020-06-01,5781,154,53,0.026638989794153262,0.009167964020065733,0.03580695381421899,Jun,2020,2020-06
How to Build a Data Science Portfolio Website with Hugo & Github Pages [feat. Data Professor],2020-05-29,81734,2301,277,0.028152298920889714,0.0033890425037316173,0.03154134142462133,May,2020,2020-05
Reviewing Your Data Science Projects - Episode 5 (Very Detailed Project),2020-05-25,21130,488,81,0.02309512541410317,0.00383341221012778,0.02692853762423095,May,2020,2020-05
Different Data Science Roles Explained (by a Data Scientist),2020-05-22,59029,2044,176,0.03462704772230599,0.002981585322468617,0.0376086330447746,May,2020,2020-05
Reviewing Your Data Science Projects - Episode 4 (Resume & Github),2020-05-18,11550,180,53,0.015584415584415584,0.004588744588744589,0.020173160173160173,May,2020,2020-05
How to Make A Data Science Portfolio Website with Github Pages,2020-05-15,147671,4696,195,0.03180042120660116,0.0013205030100696818,0.033120924216670844,May,2020,2020-05
10000 Subscriber and 100th Video Special (Data Science),2020-05-13,3117,145,115,0.0465190888675008,0.03689444979146615,0.08341353865896696,May,2020,2020-05
Reviewing Your Data Science Projects - Episode 3 (Student Portfolio),2020-05-11,4722,159,74,0.033672172808132145,0.015671325709445152,0.0493434985175773,May,2020,2020-05
How I Would Learn Data Science (If I Had to Start Over),2020-05-08,1410122,48705,1977,0.034539564661781035,0.0014020063512235111,0.03594157101300455,May,2020,2020-05
Reviewing Your Data Science Projects - Episode 2 (Resume and Portfolio),2020-05-04,5785,201,42,0.03474503025064823,0.007260155574762317,0.042005185825410546,May,2020,2020-05
What You Need to Know for a Data Science Internship,2020-05-01,23826,1228,60,0.05154033408881054,0.0025182573659027953,0.05405859145471334,May,2020,2020-05
Reviewing Your Data Science Projects - Episode 1 (Exploratory Analysis),2020-04-27,8855,357,53,0.04031620553359684,0.0059853190287972894,0.04630152456239413,Apr,2020,2020-04
What It's Like to be a Socially Distanced Data Scientist (A Day in the Life),2020-04-24,15209,453,99,0.029784995726214743,0.006509303701755539,0.03629429942797028,Apr,2020,2020-04
Data Science in Sports - Talk for Northwestern (Kellogg) MBA Students,2020-04-22,3326,88,24,0.026458208057727,0.0072158749248346366,0.03367408298256164,Apr,2020,2020-04
5 Tips for Crushing the Work From Home Life,2020-04-20,5540,199,38,0.03592057761732852,0.0068592057761732855,0.0427797833935018,Apr,2020,2020-04
Data Science Project from Scratch - Part 7 (Documenting Your Work),2020-04-17,24491,770,129,0.03144012086072435,0.005267241027316157,0.0367073618880405,Apr,2020,2020-04
Data Science Project from Scratch -  Part 6 (Putting the Model into Production),2020-04-15,32862,765,99,0.023279167427423773,0.003012598137666606,0.02629176556509038,Apr,2020,2020-04
Data Science Project from Scratch  - Part 5 (Model Building),2020-04-13,48830,955,151,0.019557648986278927,0.003092361253327872,0.022650010239606798,Apr,2020,2020-04
Data Science Project from Scratch - Part 4 (Exploratory Data Analysis),2020-04-10,79117,1978,215,0.025000947963143193,0.002717494343819912,0.027718442306963104,Apr,2020,2020-04
Data Science Project from Scratch - Part 3 (Data Cleaning),2020-04-08,88951,1842,279,0.020708030263853133,0.0031365583298670055,0.02384458859372014,Apr,2020,2020-04
Data Science Project from Scratch - Part 2 (Data Collection),2020-04-06,145720,3753,631,0.025754872357946747,0.004330222344221795,0.030085094702168542,Apr,2020,2020-04
Data Science Project from Scratch - Part 1 (Project Planning),2020-04-03,230601,5561,176,0.02411524668149748,0.0007632230562746909,0.02487846973777217,Apr,2020,2020-04
When Data Science Goes Wrong,2020-03-30,1850,105,30,0.05675675675675676,0.016216216216216217,0.07297297297297298,Mar,2020,2020-03
How to ULTRALEARN Data Science,2020-03-27,62704,3784,169,0.06034702730288339,0.002695202857871906,0.06304223016075529,Mar,2020,2020-03
Why Right NOW is a Great Time to Learn Data Science,2020-03-23,4571,266,50,0.05819295558958652,0.010938525486764383,0.0691314810763509,Mar,2020,2020-03
Data Science Project Example Start to Finish (Deep Learning Image Classifier),2020-03-20,14781,479,45,0.03240646776266829,0.003044448954739192,0.03545091671740748,Mar,2020,2020-03
The Secret Data Scientists Don't Want You to Know,2020-03-16,11199,1139,100,0.10170550942048397,0.00892936869363336,0.11063487811411733,Mar,2020,2020-03
The 5 Stages of Learning Data Science,2020-03-13,17861,1284,70,0.07188847209002855,0.003919153462852024,0.07580762555288058,Mar,2020,2020-03
Can You Learn Data Science Without a Computer?,2020-03-11,2459,155,14,0.06303375355835705,0.0056933712891419274,0.06872712484749899,Mar,2020,2020-03
The Best Free Data Science Courses Nobody is Talking About,2020-03-09,355154,21229,620,0.05977406984012569,0.0017457215743029784,0.06151979141442867,Mar,2020,2020-03
The Data Science Projects that Got Me a Job,2020-03-06,42369,1393,41,0.03287781160754325,0.0009676886402794495,0.0338455002478227,Mar,2020,2020-03
How to Integrate Data Science into Your Business,2020-03-02,3523,130,16,0.03690036900369004,0.004541583877377235,0.04144195288106727,Mar,2020,2020-03
The Problem with Data Science,2020-02-28,3949,150,18,0.03798429982273993,0.004558115978728792,0.042542415801468725,Feb,2020,2020-02
How Much Did Cheating Help the Astros Win? (What the Numbers Say),2020-02-24,1264,44,16,0.03481012658227848,0.012658227848101266,0.04746835443037975,Feb,2020,2020-02
How to Set Up Your Data Science Environment (Anaconda Beginner),2020-02-21,151603,2724,95,0.017967982163941347,0.0006266366760552232,0.01859461883999657,Feb,2020,2020-02
3 Proven Data Science Projects for Beginners (Kaggle),2020-02-17,339001,17921,520,0.05286415084321285,0.001533918779000652,0.0543980696222135,Feb,2020,2020-02
Data Science Advice for College Students,2020-02-14,69769,1964,191,0.028150037982485058,0.0027376055268099014,0.03088764350929496,Feb,2020,2020-02
Avoid These Data Science Resume Mistakes!,2020-02-10,29264,1246,60,0.04257791142700929,0.002050300710770913,0.044628212137780204,Feb,2020,2020-02
Data Science Explained with ... Cooking?,2020-02-07,5824,315,48,0.054086538461538464,0.008241758241758242,0.062328296703296704,Feb,2020,2020-02
The 4 Types of Sports Analytics Projects,2020-02-03,36224,1132,65,0.03125,0.0017943904593639576,0.033044390459363956,Feb,2020,2020-02
Data Science in Golf: PGA Merchandise Show 2020,2020-01-31,679,19,13,0.027982326951399118,0.01914580265095729,0.047128129602356406,Jan,2020,2020-01
How I Learned Data Science,2020-01-27,94869,2675,209,0.02819677660774331,0.0022030378732778885,0.0303998144810212,Jan,2020,2020-01
What is Sports Analytics Really?,2020-01-20,25109,684,75,0.027241228244852443,0.0029869767812338204,0.030228205026086263,Jan,2020,2020-01
Data Science Certificate vs Bootcamp vs Masters Degree,2020-01-18,116012,3184,572,0.027445436678964246,0.004930524428507396,0.03237596110747164,Jan,2020,2020-01
How To Learn Programming for Data Science [3 Steps],2020-01-13,30550,1980,94,0.06481178396072013,0.003076923076923077,0.06788870703764321,Jan,2020,2020-01
Data Science Fundamentals: SQL Queries,2020-01-10,7291,225,35,0.030859964339596764,0.004800438897270607,0.03566040323686737,Jan,2020,2020-01
Questions You Should Ask Your Data Science Interviewers,2020-01-06,3222,148,14,0.045934202358783364,0.004345127250155183,0.05027932960893855,Jan,2020,2020-01
The 9 Books That Changed My Perspective in 2019,2020-01-03,3428,175,25,0.05105017502917153,0.007292882147024504,0.058343057176196034,Jan,2020,2020-01
The Data Science Interview: What to Expect,2019-12-30,8799,380,32,0.043186725764291396,0.003636776906466644,0.04682350267075804,Dec,2019,2019-12
5 Data Science Resolutions for 2020,2019-12-27,484,24,12,0.049586776859504134,0.024793388429752067,0.0743801652892562,Dec,2019,2019-12
How to Scrape NBA Data Using the nba_api Python Module,2019-12-23,20047,685,95,0.03416970120217489,0.00473886367037462,0.03890856487254951,Dec,2019,2019-12
Collision Course: Sports Betting + Data Science,2019-12-20,22140,576,27,0.026016260162601626,0.0012195121951219512,0.02723577235772358,Dec,2019,2019-12
3 Reasons You Should NOT Become a Data Scientist,2019-12-16,101273,2894,200,0.028576224660077216,0.0019748600317952467,0.030551084691872465,Dec,2019,2019-12
5 Sports Analytics Books to Get You Started,2019-12-13,12341,445,60,0.03605866623450288,0.004861842638359939,0.04092050887286282,Dec,2019,2019-12
Math Needed for Mastering Data Science,2019-12-09,58819,2886,214,0.049065778064911,0.003638280147571363,0.05270405821248236,Dec,2019,2019-12
The 5 Stages of Data Science Adoption,2019-12-06,1418,67,17,0.04724964739069112,0.011988716502115656,0.05923836389280677,Dec,2019,2019-12
How YOU Can Land a Sports Analytics Job,2019-12-02,79144,3329,228,0.04206256949358132,0.0028808248256342868,0.04494339431921561,Dec,2019,2019-12
Data Science Fundamentals: Linear Regression,2019-11-29,6886,176,42,0.025559105431309903,0.006099331977926227,0.03165843740923613,Nov,2019,2019-11
Golf: Would You Rather Be the LONGEST or STRAIGHTEST Driver on the PGA Tour?,2019-11-25,1362,55,12,0.04038179148311307,0.00881057268722467,0.04919236417033774,Nov,2019,2019-11
Sports Analytics 101: The Pythagorean Theorem of Sports,2019-11-22,7761,299,27,0.038525963149078725,0.003478933127174333,0.04200489627625306,Nov,2019,2019-11
9 Ways You Can Make Extra Income as a Data Scientist,2019-11-18,47227,1745,79,0.036949202786541596,0.0016727719313104792,0.03862197471785207,Nov,2019,2019-11
Applying Data Science To My YouTube Data: My Surprising Findings,2019-11-11,6084,142,31,0.02333990795529257,0.005095332018408941,0.028435239973701513,Nov,2019,2019-11
Why Selling Is An Important Data Science Skill,2019-11-04,1763,81,13,0.04594441293250142,0.00737379466817924,0.05331820760068066,Nov,2019,2019-11
By The Numbers: Where Should The NBA Put a 4 Point Line?,2019-10-21,3348,76,18,0.022700119474313024,0.005376344086021506,0.028076463560334528,Oct,2019,2019-10
Why is Balance Important in Data Science?,2019-10-16,755,35,13,0.046357615894039736,0.017218543046357615,0.06357615894039735,Oct,2019,2019-10
How to Stay Productive & Motivated When Learning Data Science,2019-09-29,12259,582,57,0.04747532425157028,0.0046496451586589445,0.05212496941022922,Sep,2019,2019-09
How Far Should the NBA 3-Point Line Actually Be?,2019-09-21,4912,130,41,0.026465798045602607,0.008346905537459284,0.03481270358306189,Sep,2019,2019-09
6 Habits of Successful Data Scientists,2019-09-13,2352,98,17,0.041666666666666664,0.007227891156462585,0.04889455782312925,Sep,2019,2019-09
How To Build A Word Cloud From Scraped Data (Python),2019-09-04,5504,114,10,0.02071220930232558,0.001816860465116279,0.02252906976744186,Sep,2019,2019-09
Thank You For The Support | What's Next | Ken Jee | Data Science,2019-08-26,532,23,29,0.043233082706766915,0.05451127819548872,0.09774436090225563,Aug,2019,2019-08
Is Data Science Right For You?,2019-08-18,54957,1226,109,0.0223083501646742,0.0019833688156194844,0.024291718980293683,Aug,2019,2019-08
Data Science Fundamentals: Data Cleaning in Python,2019-08-11,15698,397,55,0.025289845840234425,0.0035036310358007388,0.028793476876035163,Aug,2019,2019-08
How To Get Data Science Experience (Without a Job),2019-08-08,30230,1387,77,0.045881574594773405,0.002547138604035726,0.04842871319880913,Aug,2019,2019-08
Take Your Data Science Projects From Good to Great,2019-08-05,1712,109,11,0.06366822429906542,0.006425233644859813,0.07009345794392523,Aug,2019,2019-08
The Projects You Should Do To Get A Data Science Job,2019-07-30,158156,5761,251,0.036426060345481674,0.001587040643415362,0.03801310098889704,Jul,2019,2019-07
What Does a Data Scientist Actually Do?,2019-07-19,70576,1455,75,0.020616073452731806,0.001062684198594423,0.02167875765132623,Jul,2019,2019-07
Data Science Fundamentals: Data Manipulation in Python (Pandas),2019-07-13,14028,366,44,0.026090675791274595,0.003136583974907328,0.029227259766181922,Jul,2019,2019-07
Data Science Fundamentals: Data Exploration in Python (Pandas),2019-07-05,19322,551,61,0.028516716695994204,0.003157023082496636,0.03167373977849084,Jul,2019,2019-07
Data Science: Pros and Cons,2019-06-30,5980,232,18,0.03879598662207358,0.0030100334448160534,0.04180602006688963,Jun,2019,2019-06
How I Got My First Data Science Internship (And How You Can Land One),2019-06-21,27578,1275,89,0.04623250416999057,0.0032272100950032634,0.049459714264993834,Jun,2019,2019-06
My Top 5 Data Science Internship Tips,2019-06-15,12480,509,24,0.04078525641025641,0.0019230769230769232,0.042708333333333334,Jun,2019,2019-06
Golf STATS: Strokes Gained Explained,2019-06-07,9722,181,32,0.018617568401563464,0.0032915038058012754,0.021909072207364738,Jun,2019,2019-06
Most Data Science Hopefuls Overlook This Important Skill,2019-05-25,633,43,5,0.0679304897314376,0.007898894154818325,0.07582938388625593,May,2019,2019-05
What I Learned From My Three Degrees,2019-05-17,1319,59,12,0.04473085670962851,0.009097801364670205,0.053828658074298714,May,2019,2019-05
I Wish I Had Known THIS Before Starting in Data Science,2019-05-14,25773,1058,66,0.04105071198541109,0.002560819462227913,0.043611531447639004,May,2019,2019-05
NASA Physicist Turned Data Scientist (Tim Bowling) - KNN EP. 02,2019-05-05,1311,38,2,0.028985507246376812,0.0015255530129672007,0.03051106025934401,May,2019,2019-05
Should You Learn R for Data Science?,2019-04-25,22875,576,72,0.025180327868852458,0.003147540983606557,0.028327868852459016,Apr,2019,2019-04
Scrape Twitter Data in Python with Twitterscraper Module,2019-04-18,47125,838,315,0.017782493368700265,0.006684350132625995,0.02446684350132626,Apr,2019,2019-04
Work From Home Data Scientist: Day in the Life,2019-04-12,28623,755,101,0.02637738881319219,0.0035286308213674316,0.02990601963455962,Apr,2019,2019-04
Where to Look for Data Science Jobs,2019-03-29,3085,117,9,0.03792544570502431,0.002917341977309562,0.040842787682333875,Mar,2019,2019-03
Data Science: Startup vs. Large Corporation,2019-03-21,2693,83,4,0.030820646119569254,0.0014853323431117712,0.032305978462681025,Mar,2019,2019-03
"Data Science, Machine Learning, and AI: What's the Difference?",2019-03-16,6704,182,26,0.027147971360381863,0.0038782816229116944,0.031026252983293555,Mar,2019,2019-03
Was Captain Marvel Bad? A Sentiment Analysis of Twitter Data,2019-03-09,4366,179,15,0.04099862574438846,0.003435639028859368,0.04443426477324782,Mar,2019,2019-03
Why You DON'T Want to be a WFH Data Scientist,2019-03-03,863,32,12,0.03707995365005794,0.013904982618771726,0.05098493626882966,Mar,2019,2019-03
Welcome To My Channel | Ken Jee | Data Science,2019-03-03,1934,37,8,0.019131334022750777,0.004136504653567736,0.02326783867631851,Mar,2019,2019-03
Where YOU Should Start With Data Science Projects,2019-02-19,20074,377,20,0.01878051210521072,0.0009963136395337252,0.019776825744744445,Feb,2019,2019-02
Watch This Before Applying to Data Science Jobs,2019-02-04,1560,65,13,0.041666666666666664,0.008333333333333333,0.05,Feb,2019,2019-02
My Top 5 Data Science Resources for 2019,2019-01-05,3847,120,15,0.031193137509747854,0.003899142188718482,0.03509227969846634,Jan,2019,2019-01
IT'S NOT TOO LATE TO LEARN CODE!,2018-12-18,871,34,6,0.03903559127439724,0.006888633754305396,0.045924225028702644,Dec,2018,2018-12
The Best Way to Predict NBA Minutes Played,2018-12-11,5968,129,15,0.021615281501340483,0.0025134048257372654,0.024128686327077747,Dec,2018,2018-12
Demystifying Data Science Roles,2018-11-30,1191,50,5,0.041981528127623846,0.0041981528127623844,0.04617968094038623,Nov,2018,2018-11
How to Simulate NBA Games in Python,2018-11-19,19499,416,50,0.021334427406533667,0.0025642340632852966,0.023898661469818967,Nov,2018,2018-11
Should You Get A Masters in Data Science?,2018-11-14,21435,303,133,0.014135759272218334,0.006204805225099137,0.02034056449731747,Nov,2018,2018-11
How I Became A Data Scientist From a Business Background,2018-11-12,6854,203,23,0.02961774146483805,0.003355704697986577,0.032973446162824625,Nov,2018,2018-11
Predicting Season Long NBA Wins Using Multiple Linear Regression,2018-07-10,9606,195,17,0.020299812617114305,0.0017697272537997085,0.022069539870914014,Jul,2018,2018-07
Predicting Crypto-Currency Price Using RNN lSTM & GRU,2017-11-18,19821,297,40,0.014984107764492206,0.002018061651783462,0.017002169416275668,Nov,2017,2017-11
